transition_id,previous_grade,new_grade,transition_type,shift,target_value,actual_value,production_speed,time_to_target_min,process_variability,stabilization_time_min,target_gap_pct,stable_flag,operational_impact_score
1,Grade_A,Grade_B,Grade_A → Grade_B,Night,104.14,97.91,428.91,37.24,11.23,67.69,5.98,0,80.05
2,Grade_D,Grade_E,Grade_D → Grade_E,Evening,97.68,97.77,460.13,34.8,7.97,88.12,0.09,1,74.21
3,Grade_D,Grade_B,Grade_D → Grade_B,Day,100.76,95.11,332.71,29.48,14.87,61.29,5.61,0,97.82
4,Grade_C,Grade_A,Grade_C → Grade_A,Evening,100.06,103.98,421.38,23.51,22.17,91.18,3.92,0,127.12
5,Grade_C,Grade_A,Grade_C → Grade_A,Night,104.48,106.96,407.9,24.64,9.1,65.59,2.37,1,66.2
6,Grade_D,Grade_E,Grade_D → Grade_E,Evening,111.65,115.92,438.78,24.86,9.47,48.15,3.82,1,58.03
7,Grade_A,Grade_B,Grade_A → Grade_B,Night,116.47,115.8,419.29,28.16,3.6,50.99,0.58,1,35.94
8,Grade_D,Grade_B,Grade_D → Grade_B,Evening,103.1,104.95,340.05,32.08,5.69,71.51,1.79,1,75.21
9,Grade_A,Grade_C,Grade_A → Grade_C,Evening,105.9,108.42,350.57,36.53,5.29,63.9,2.38,1,60.21
10,Grade_A,Grade_B,Grade_A → Grade_B,Day,88.49,83.55,421.62,23.88,8.59,51.13,5.58,0,60.77
11,Grade_C,Grade_E,Grade_C → Grade_E,Evening,99.12,102.12,476.58,46.77,13.99,98.5,3.02,0,100.99
12,Grade_E,Grade_A,Grade_E → Grade_A,Day,109.4,112.55,298.22,35.91,9.4,55.39,2.88,1,71.35
13,Grade_D,Grade_B,Grade_D → Grade_B,Evening,108.66,108.23,439.01,25.95,4.77,54.22,0.4,1,45.57
14,Grade_D,Grade_E,Grade_D → Grade_E,Night,102.12,92.44,485.43,40.91,22.84,119.98,9.48,0,150.32
15,Grade_D,Grade_B,Grade_D → Grade_B,Day,108.86,110.3,411.58,27.36,4.36,48.22,1.32,1,40.53
16,Grade_D,Grade_E,Grade_D → Grade_E,Evening,104.91,100.92,450.26,53.47,9.51,111.38,3.81,1,91.07
17,Grade_C,Grade_E,Grade_C → Grade_E,Day,112.0,111.46,381.33,39.81,8.57,79.65,0.48,1,78.3
18,Grade_A,Grade_C,Grade_A → Grade_C,Evening,102.89,102.82,413.43,20.12,5.25,50.49,0.07,1,48.8
19,Grade_D,Grade_E,Grade_D → Grade_E,Day,96.44,100.35,330.85,38.14,15.61,95.18,4.05,0,122.49
20,Grade_C,Grade_A,Grade_C → Grade_A,Night,103.36,101.98,291.06,36.09,6.31,59.71,1.34,1,69.23
21,Grade_C,Grade_E,Grade_C → Grade_E,Day,70.69,69.04,471.85,33.51,6.87,63.36,2.33,1,61.48
22,Grade_B,Grade_D,Grade_B → Grade_D,Night,103.83,104.47,365.83,43.7,18.48,114.59,0.62,0,136.0
23,Grade_A,Grade_C,Grade_A → Grade_C,Night,63.52,66.72,394.95,35.05,9.08,96.88,5.03,0,82.96
24,Grade_E,Grade_A,Grade_E → Grade_A,Evening,82.77,84.44,343.75,16.39,2.08,43.29,2.01,1,34.87
25,Grade_D,Grade_E,Grade_D → Grade_E,Evening,104.52,101.6,342.45,36.24,5.54,63.65,2.79,1,57.8
26,Grade_D,Grade_B,Grade_D → Grade_B,Evening,104.78,105.91,410.44,25.21,10.28,36.91,1.08,1,51.92
27,Grade_C,Grade_A,Grade_C → Grade_A,Night,88.38,83.7,379.87,26.83,12.3,79.16,5.29,0,93.77
28,Grade_D,Grade_E,Grade_D → Grade_E,Day,92.88,95.08,440.79,37.76,6.18,73.05,2.37,1,62.97
29,Grade_C,Grade_E,Grade_C → Grade_E,Evening,113.71,110.57,444.89,36.04,9.57,98.69,2.76,1,88.09
30,Grade_C,Grade_A,Grade_C → Grade_A,Day,95.16,92.19,437.65,23.19,12.59,45.8,3.12,0,58.88
31,Grade_C,Grade_A,Grade_C → Grade_A,Evening,122.43,120.97,433.12,32.31,7.08,61.21,1.19,1,66.67
32,Grade_A,Grade_C,Grade_A → Grade_C,Day,99.98,99.82,506.78,32.09,6.02,60.84,0.16,1,50.96
33,Grade_A,Grade_B,Grade_A → Grade_B,Evening,104.08,104.49,361.28,30.35,3.61,44.98,0.39,1,51.46
34,Grade_C,Grade_E,Grade_C → Grade_E,Evening,116.17,118.95,416.98,41.57,16.4,103.25,2.39,0,108.71
35,Grade_E,Grade_A,Grade_E → Grade_A,Day,101.31,101.31,482.3,18.66,1.26,29.94,0.0,1,17.63
36,Grade_A,Grade_B,Grade_A → Grade_B,Evening,89.98,79.25,489.55,23.4,23.06,78.11,11.93,0,114.86
37,Grade_D,Grade_E,Grade_D → Grade_E,Evening,98.9,99.94,341.8,33.26,4.07,73.46,1.05,1,63.93
38,Grade_D,Grade_E,Grade_D → Grade_E,Evening,99.64,99.45,402.82,18.71,10.04,76.71,0.19,1,74.63
39,Grade_B,Grade_D,Grade_B → Grade_D,Evening,86.35,90.86,494.7,25.48,11.1,65.96,5.23,0,70.84
40,Grade_D,Grade_B,Grade_D → Grade_B,Evening,97.44,94.72,447.94,42.49,10.98,70.36,2.79,0,71.65
41,Grade_A,Grade_C,Grade_A → Grade_C,Night,92.58,76.01,430.74,30.86,29.54,128.4,17.89,0,177.11
42,Grade_D,Grade_E,Grade_D → Grade_E,Day,109.24,109.19,408.03,20.41,4.18,48.51,0.05,1,45.36
43,Grade_D,Grade_B,Grade_D → Grade_B,Day,100.35,107.71,398.89,18.44,16.23,59.07,7.34,0,98.65
44,Grade_B,Grade_D,Grade_B → Grade_D,Day,97.17,97.57,435.85,32.23,7.1,65.83,0.41,1,58.31
45,Grade_A,Grade_B,Grade_A → Grade_B,Evening,98.94,97.97,406.12,41.21,13.84,77.54,0.98,0,93.34
46,Grade_E,Grade_A,Grade_E → Grade_A,Day,102.23,100.8,417.66,28.26,4.7,43.96,1.4,1,35.69
47,Grade_C,Grade_A,Grade_C → Grade_A,Evening,106.17,110.27,424.32,37.47,6.67,62.58,3.86,1,56.42
48,Grade_E,Grade_A,Grade_E → Grade_A,Evening,90.0,88.29,382.71,29.07,4.75,54.03,1.9,1,47.98
49,Grade_D,Grade_B,Grade_D → Grade_B,Day,89.58,87.95,449.27,29.59,6.42,57.75,1.82,1,56.1
50,Grade_D,Grade_E,Grade_D → Grade_E,Night,111.05,112.77,560.0,24.95,8.63,54.71,1.55,1,64.37
51,Grade_D,Grade_E,Grade_D → Grade_E,Evening,95.88,89.36,322.27,41.64,10.04,110.22,6.8,0,109.48
52,Grade_A,Grade_C,Grade_A → Grade_C,Day,85.83,90.09,437.82,27.17,9.55,55.39,4.96,1,60.52
53,Grade_B,Grade_D,Grade_B → Grade_D,Day,104.44,106.76,378.19,31.24,10.62,78.73,2.22,0,88.63
54,Grade_C,Grade_A,Grade_C → Grade_A,Day,104.63,107.12,451.76,18.94,7.92,28.24,2.38,1,43.08
55,Grade_C,Grade_A,Grade_C → Grade_A,Day,84.69,86.59,422.56,31.85,9.7,53.4,2.24,1,62.03
56,Grade_A,Grade_B,Grade_A → Grade_B,Day,102.29,101.75,461.9,28.7,9.62,44.12,0.53,1,55.12
57,Grade_C,Grade_E,Grade_C → Grade_E,Night,107.36,103.59,484.65,32.25,10.13,106.66,3.51,1,91.87
58,Grade_A,Grade_C,Grade_A → Grade_C,Day,103.74,102.91,430.58,38.4,16.94,76.2,0.8,0,108.17
59,Grade_D,Grade_B,Grade_D → Grade_B,Day,106.32,103.42,482.26,27.55,8.49,63.68,2.72,1,65.96
60,Grade_D,Grade_B,Grade_D → Grade_B,Evening,85.96,88.0,291.06,27.21,11.97,67.66,2.37,0,92.69
61,Grade_E,Grade_A,Grade_E → Grade_A,Evening,103.31,108.73,507.47,41.29,19.2,84.8,5.25,0,112.8
62,Grade_D,Grade_B,Grade_D → Grade_B,Night,96.97,105.47,440.63,38.82,16.44,95.48,8.76,0,119.82
63,Grade_B,Grade_D,Grade_B → Grade_D,Evening,95.17,95.73,479.28,25.09,4.33,69.57,0.59,1,58.65
64,Grade_E,Grade_A,Grade_E → Grade_A,Day,108.71,111.2,352.91,38.09,7.69,47.6,2.29,1,56.94
65,Grade_C,Grade_A,Grade_C → Grade_A,Day,114.79,113.95,374.31,24.81,8.07,37.27,0.73,1,52.23
66,Grade_B,Grade_D,Grade_B → Grade_D,Night,117.94,115.3,428.03,28.75,15.77,75.28,2.24,0,95.74
67,Grade_E,Grade_A,Grade_E → Grade_A,Evening,113.15,115.43,419.06,37.82,13.74,68.44,2.01,0,86.42
68,Grade_B,Grade_D,Grade_B → Grade_D,Night,98.9,97.61,435.57,19.64,9.53,64.93,1.3,1,66.27
69,Grade_A,Grade_B,Grade_A → Grade_B,Day,103.53,104.13,479.65,36.32,6.38,36.88,0.58,1,44.37
70,Grade_C,Grade_A,Grade_C → Grade_A,Night,107.67,105.75,322.91,25.78,5.17,53.79,1.78,1,63.19
71,Grade_D,Grade_E,Grade_D → Grade_E,Evening,101.21,99.05,473.56,33.22,6.99,56.72,2.13,1,50.42
72,Grade_A,Grade_C,Grade_A → Grade_C,Day,101.31,104.15,420.46,26.45,12.77,53.17,2.8,0,69.44
73,Grade_C,Grade_A,Grade_C → Grade_A,Evening,108.24,111.93,408.79,26.05,11.88,71.97,3.41,0,80.35
74,Grade_A,Grade_C,Grade_A → Grade_C,Evening,99.41,96.07,339.09,24.77,9.68,66.15,3.36,1,76.61
75,Grade_D,Grade_B,Grade_D → Grade_B,Day,92.71,93.25,447.67,32.1,2.31,53.01,0.58,1,45.24
76,Grade_C,Grade_A,Grade_C → Grade_A,Day,95.86,94.1,287.22,21.83,9.44,42.18,1.84,1,73.54
77,Grade_B,Grade_D,Grade_B → Grade_D,Night,106.34,106.47,455.66,27.41,22.32,88.59,0.12,0,130.61
78,Grade_A,Grade_C,Grade_A → Grade_C,Day,100.03,102.1,337.93,33.67,4.17,46.28,2.07,1,47.19
79,Grade_C,Grade_E,Grade_C → Grade_E,Day,103.4,107.03,422.94,48.34,12.83,101.85,3.51,0,99.77
80,Grade_D,Grade_B,Grade_D → Grade_B,Day,106.7,112.09,413.45,40.46,19.36,99.23,5.05,0,117.19
81,Grade_E,Grade_A,Grade_E → Grade_A,Day,96.25,100.3,484.32,32.8,6.06,60.54,4.2,1,57.63
82,Grade_C,Grade_A,Grade_C → Grade_A,Night,107.56,104.11,410.17,24.41,13.99,77.96,3.2,0,94.78
83,Grade_A,Grade_C,Grade_A → Grade_C,Evening,103.79,101.22,381.82,36.4,7.45,62.22,2.48,1,69.25
84,Grade_D,Grade_E,Grade_D → Grade_E,Day,87.65,82.21,392.14,37.68,21.54,103.15,6.21,0,134.07
85,Grade_D,Grade_B,Grade_D → Grade_B,Night,114.42,114.11,490.01,37.76,3.5,68.97,0.27,1,49.61
86,Grade_D,Grade_B,Grade_D → Grade_B,Night,94.99,89.36,449.5,38.98,6.83,78.47,5.92,0,67.74
87,Grade_A,Grade_B,Grade_A → Grade_B,Day,83.45,82.95,398.79,30.2,6.87,66.94,0.6,1,66.55
88,Grade_B,Grade_D,Grade_B → Grade_D,Night,89.55,86.61,407.0,33.67,15.44,81.89,3.29,0,94.49
89,Grade_D,Grade_E,Grade_D → Grade_E,Day,89.79,91.75,333.81,28.13,7.14,67.1,2.18,1,73.45
90,Grade_D,Grade_E,Grade_D → Grade_E,Night,100.52,101.53,441.37,26.68,8.17,91.31,1.0,1,78.74
91,Grade_C,Grade_A,Grade_C → Grade_A,Evening,97.26,94.69,323.21,34.11,12.21,59.19,2.64,0,80.73
92,Grade_D,Grade_E,Grade_D → Grade_E,Evening,96.63,98.64,461.35,36.58,9.74,77.73,2.08,1,68.49
93,Grade_D,Grade_E,Grade_D → Grade_E,Day,106.2,109.7,427.07,41.81,13.82,87.36,3.29,0,95.86
94,Grade_C,Grade_A,Grade_C → Grade_A,Night,103.4,100.51,551.28,19.56,10.75,55.36,2.8,0,73.87
95,Grade_E,Grade_A,Grade_E → Grade_A,Day,103.16,102.56,359.49,37.13,3.49,41.52,0.58,1,47.81
96,Grade_B,Grade_D,Grade_B → Grade_D,Day,104.1,97.74,414.35,47.51,8.16,89.63,6.11,0,79.86
97,Grade_A,Grade_C,Grade_A → Grade_C,Day,106.16,101.72,518.91,38.86,11.63,75.73,4.18,0,90.21
98,Grade_D,Grade_B,Grade_D → Grade_B,Evening,78.92,74.92,485.53,26.59,15.38,77.78,5.06,0,96.43
99,Grade_D,Grade_B,Grade_D → Grade_B,Day,96.36,96.5,381.71,29.59,5.43,48.59,0.15,1,53.39
100,Grade_A,Grade_C,Grade_A → Grade_C,Night,78.2,73.92,432.32,47.06,12.95,97.67,5.48,0,97.22
101,Grade_D,Grade_E,Grade_D → Grade_E,Evening,100.36,99.54,420.11,27.88,4.56,58.64,0.82,1,46.17
102,Grade_A,Grade_C,Grade_A → Grade_C,Day,99.95,97.19,435.51,35.77,6.44,56.8,2.76,1,51.06
103,Grade_D,Grade_E,Grade_D → Grade_E,Day,110.46,110.88,381.57,25.15,7.07,84.05,0.38,1,66.56
104,Grade_A,Grade_B,Grade_A → Grade_B,Day,111.88,114.74,415.09,24.89,19.2,65.86,2.56,0,109.07
105,Grade_D,Grade_E,Grade_D → Grade_E,Evening,102.03,102.73,332.11,36.99,4.95,68.5,0.68,1,61.22
106,Grade_D,Grade_E,Grade_D → Grade_E,Night,95.0,95.09,427.43,47.38,20.61,125.53,0.09,0,137.98
107,Grade_D,Grade_E,Grade_D → Grade_E,Day,104.85,101.23,444.75,42.47,6.71,67.29,3.45,1,55.76
108,Grade_D,Grade_B,Grade_D → Grade_B,Night,94.72,93.94,407.49,39.94,3.58,65.88,0.82,1,49.21
109,Grade_C,Grade_A,Grade_C → Grade_A,Day,99.99,99.09,331.17,28.05,6.28,41.05,0.9,1,60.49
110,Grade_D,Grade_B,Grade_D → Grade_B,Night,109.86,108.76,474.37,51.83,7.82,90.17,1.0,1,85.34
111,Grade_B,Grade_D,Grade_B → Grade_D,Night,94.42,94.9,440.05,32.2,18.2,108.7,0.51,0,116.85
112,Grade_D,Grade_E,Grade_D → Grade_E,Evening,108.06,111.76,380.07,30.53,7.41,80.92,3.42,1,73.01
113,Grade_C,Grade_E,Grade_C → Grade_E,Evening,106.77,113.89,404.57,22.94,25.06,109.11,6.67,0,145.11
114,Grade_C,Grade_A,Grade_C → Grade_A,Night,90.45,84.97,337.46,41.77,15.87,85.32,6.06,0,114.66
115,Grade_C,Grade_E,Grade_C → Grade_E,Day,109.74,112.25,363.6,41.37,10.57,88.12,2.29,1,92.25
116,Grade_C,Grade_E,Grade_C → Grade_E,Day,106.99,108.38,390.42,48.88,6.2,94.28,1.3,1,73.97
117,Grade_A,Grade_B,Grade_A → Grade_B,Day,101.02,98.53,487.56,13.13,8.84,26.75,2.47,1,45.94
118,Grade_A,Grade_C,Grade_A → Grade_C,Evening,92.38,94.74,384.83,37.55,7.96,68.33,2.56,1,67.04
119,Grade_A,Grade_C,Grade_A → Grade_C,Evening,91.41,90.74,455.21,30.76,12.01,73.2,0.74,0,88.76
120,Grade_A,Grade_B,Grade_A → Grade_B,Evening,94.62,88.5,390.39,32.66,12.4,63.14,6.47,0,83.28
121,Grade_C,Grade_A,Grade_C → Grade_A,Night,105.43,110.77,433.64,19.19,33.54,103.58,5.07,0,177.02
122,Grade_D,Grade_B,Grade_D → Grade_B,Day,90.44,90.92,412.22,41.28,6.33,83.14,0.53,1,57.99
123,Grade_D,Grade_B,Grade_D → Grade_B,Evening,104.38,103.26,468.02,34.22,14.11,77.54,1.08,0,91.78
124,Grade_C,Grade_A,Grade_C → Grade_A,Day,87.58,87.5,390.59,31.12,5.75,61.38,0.09,1,65.17
125,Grade_D,Grade_E,Grade_D → Grade_E,Day,97.96,96.44,333.51,36.46,6.04,80.62,1.55,1,79.44
126,Grade_C,Grade_E,Grade_C → Grade_E,Evening,101.1,103.45,343.99,28.94,11.0,73.72,2.32,0,79.26
127,Grade_A,Grade_B,Grade_A → Grade_B,Night,124.45,124.36,390.75,26.47,6.05,47.71,0.07,1,49.08
128,Grade_D,Grade_E,Grade_D → Grade_E,Evening,86.23,86.47,351.3,25.1,4.16,57.79,0.28,1,48.41
129,Grade_C,Grade_E,Grade_C → Grade_E,Day,114.72,115.38,442.56,19.16,5.28,51.2,0.58,1,53.5
130,Grade_D,Grade_B,Grade_D → Grade_B,Evening,101.5,99.69,394.38,39.58,4.48,68.49,1.78,1,56.89
131,Grade_C,Grade_E,Grade_C → Grade_E,Day,104.11,101.99,550.6,37.63,6.78,82.34,2.04,1,65.93
132,Grade_C,Grade_E,Grade_C → Grade_E,Night,101.18,85.05,324.43,36.02,20.85,132.62,15.94,0,155.62
133,Grade_A,Grade_B,Grade_A → Grade_B,Evening,104.45,106.01,431.2,34.07,7.89,61.11,1.49,1,50.8
134,Grade_C,Grade_E,Grade_C → Grade_E,Day,98.46,95.05,357.96,31.53,8.03,74.74,3.46,1,71.08
135,Grade_D,Grade_E,Grade_D → Grade_E,Day,114.54,115.14,392.86,35.92,12.96,66.98,0.53,0,85.06
136,Grade_B,Grade_D,Grade_B → Grade_D,Day,95.44,96.64,427.78,30.46,9.26,69.43,1.26,1,73.97
137,Grade_C,Grade_E,Grade_C → Grade_E,Night,111.32,113.97,292.1,30.0,12.58,101.61,2.38,0,104.94
138,Grade_A,Grade_B,Grade_A → Grade_B,Day,93.56,91.05,433.03,35.97,5.96,53.36,2.69,1,48.69
139,Grade_B,Grade_D,Grade_B → Grade_D,Evening,99.4,99.26,524.66,30.14,5.97,83.61,0.14,1,70.93
140,Grade_C,Grade_A,Grade_C → Grade_A,Evening,89.28,93.92,395.06,40.82,7.94,80.43,5.2,0,68.73
141,Grade_E,Grade_A,Grade_E → Grade_A,Evening,104.55,109.23,434.29,26.78,7.79,63.09,4.47,1,62.89
142,Grade_A,Grade_C,Grade_A → Grade_C,Day,114.45,119.12,476.37,23.05,13.51,49.92,4.08,0,75.02
143,Grade_B,Grade_D,Grade_B → Grade_D,Night,99.23,100.46,410.98,46.64,10.46,97.02,1.24,1,97.71
144,Grade_C,Grade_A,Grade_C → Grade_A,Day,98.03,96.4,388.05,30.86,4.62,47.68,1.66,1,44.67
145,Grade_E,Grade_A,Grade_E → Grade_A,Evening,88.85,90.15,294.83,30.12,5.16,51.83,1.46,1,58.38
146,Grade_D,Grade_E,Grade_D → Grade_E,Evening,97.71,96.1,455.25,38.94,29.14,125.48,1.65,0,174.42
147,Grade_A,Grade_B,Grade_A → Grade_B,Evening,84.07,84.4,413.78,23.71,1.68,40.55,0.39,1,23.51
148,Grade_A,Grade_C,Grade_A → Grade_C,Night,90.87,86.86,364.3,36.22,18.11,87.59,4.41,0,116.23
149,Grade_D,Grade_E,Grade_D → Grade_E,Day,102.27,101.61,426.96,32.73,10.84,88.45,0.64,0,84.75
150,Grade_A,Grade_B,Grade_A → Grade_B,Evening,113.19,113.8,387.9,16.9,10.63,48.33,0.54,0,66.46
151,Grade_D,Grade_E,Grade_D → Grade_E,Day,128.09,129.42,390.94,33.2,15.43,71.94,1.04,0,99.87
152,Grade_B,Grade_D,Grade_B → Grade_D,Day,94.13,96.05,453.35,40.14,11.1,80.55,2.04,0,85.36
153,Grade_E,Grade_A,Grade_E → Grade_A,Day,114.35,113.05,346.39,28.28,6.4,55.19,1.14,1,57.13
154,Grade_B,Grade_D,Grade_B → Grade_D,Day,102.44,91.94,477.6,19.2,22.34,88.33,10.25,0,127.3
155,Grade_C,Grade_A,Grade_C → Grade_A,Day,98.49,105.72,343.13,20.33,12.71,50.88,7.34,0,86.1
156,Grade_D,Grade_B,Grade_D → Grade_B,Day,104.33,109.41,383.55,33.54,5.83,68.48,4.87,1,58.4
157,Grade_A,Grade_C,Grade_A → Grade_C,Day,100.62,103.53,525.76,30.26,18.61,75.17,2.9,0,107.07
158,Grade_C,Grade_E,Grade_C → Grade_E,Evening,101.1,98.77,482.0,29.68,5.02,60.92,2.3,1,50.3
159,Grade_C,Grade_E,Grade_C → Grade_E,Evening,95.92,89.26,425.37,32.45,24.62,99.76,6.94,0,140.77
160,Grade_D,Grade_E,Grade_D → Grade_E,Day,86.02,88.28,368.27,27.49,12.69,87.62,2.63,0,91.24
161,Grade_E,Grade_A,Grade_E → Grade_A,Day,84.56,85.6,390.89,35.57,2.22,61.86,1.23,1,50.35
162,Grade_D,Grade_B,Grade_D → Grade_B,Day,106.53,101.18,424.03,24.71,12.61,66.09,5.02,0,77.38
163,Grade_C,Grade_A,Grade_C → Grade_A,Evening,97.23,96.95,422.06,37.28,6.39,75.58,0.29,1,68.02
164,Grade_C,Grade_A,Grade_C → Grade_A,Day,94.04,94.4,415.0,28.6,5.2,56.02,0.38,1,47.03
165,Grade_C,Grade_A,Grade_C → Grade_A,Day,100.09,103.37,418.3,35.68,10.84,69.79,3.28,0,73.98
166,Grade_D,Grade_E,Grade_D → Grade_E,Day,107.95,106.72,408.21,29.83,10.25,66.07,1.14,1,78.23
167,Grade_B,Grade_D,Grade_B → Grade_D,Day,101.8,93.01,340.69,34.88,16.06,103.64,8.63,0,125.1
168,Grade_A,Grade_C,Grade_A → Grade_C,Day,93.44,94.04,391.59,37.38,2.75,60.9,0.64,1,46.79
169,Grade_B,Grade_D,Grade_B → Grade_D,Evening,112.26,117.53,470.3,37.19,13.39,83.2,4.69,0,95.66
170,Grade_A,Grade_B,Grade_A → Grade_B,Evening,115.79,115.5,344.74,30.89,10.14,55.79,0.25,1,72.55
171,Grade_A,Grade_B,Grade_A → Grade_B,Evening,104.95,106.76,409.57,24.69,12.76,60.67,1.72,0,79.02
172,Grade_A,Grade_B,Grade_A → Grade_B,Evening,109.74,108.81,374.91,38.53,5.59,45.31,0.85,1,46.36
173,Grade_D,Grade_E,Grade_D → Grade_E,Evening,112.42,104.49,426.12,32.53,26.79,117.52,7.05,0,162.03
174,Grade_D,Grade_B,Grade_D → Grade_B,Day,111.3,115.38,398.63,28.97,11.35,57.36,3.67,0,70.66
175,Grade_D,Grade_B,Grade_D → Grade_B,Evening,106.14,107.28,501.26,29.37,8.38,66.26,1.07,1,71.73
176,Grade_C,Grade_A,Grade_C → Grade_A,Evening,105.98,106.34,447.86,34.21,2.12,45.88,0.34,1,31.38
177,Grade_D,Grade_B,Grade_D → Grade_B,Day,105.2,108.7,347.85,24.33,6.65,51.98,3.32,1,59.16
178,Grade_A,Grade_C,Grade_A → Grade_C,Evening,89.03,83.88,456.92,30.02,13.95,65.11,5.78,0,87.67
179,Grade_E,Grade_A,Grade_E → Grade_A,Day,107.01,103.36,377.39,26.6,18.9,71.1,3.41,0,109.62
180,Grade_C,Grade_E,Grade_C → Grade_E,Evening,86.44,87.04,388.27,24.53,10.77,97.76,0.69,0,93.44
181,Grade_E,Grade_A,Grade_E → Grade_A,Evening,92.05,87.83,437.26,29.7,21.37,95.77,4.59,0,127.36
182,Grade_A,Grade_C,Grade_A → Grade_C,Night,113.04,114.61,392.95,30.15,5.73,71.37,1.39,1,65.59
183,Grade_C,Grade_A,Grade_C → Grade_A,Night,108.4,107.64,469.11,18.95,11.56,60.46,0.7,0,71.08
184,Grade_D,Grade_B,Grade_D → Grade_B,Evening,114.87,110.82,377.4,24.42,11.66,75.18,3.52,0,85.9
185,Grade_C,Grade_A,Grade_C → Grade_A,Evening,97.28,97.56,385.96,32.49,12.01,78.7,0.28,0,88.76
186,Grade_C,Grade_A,Grade_C → Grade_A,Evening,88.48,89.02,383.9,31.9,9.12,55.32,0.61,1,69.41
187,Grade_A,Grade_C,Grade_A → Grade_C,Day,97.6,100.96,388.89,32.6,10.28,64.23,3.44,1,74.0
188,Grade_C,Grade_A,Grade_C → Grade_A,Night,101.02,101.73,480.46,17.29,5.19,30.81,0.71,1,42.33
189,Grade_A,Grade_C,Grade_A → Grade_C,Evening,100.79,103.78,454.58,19.99,18.5,80.26,2.96,0,108.27
190,Grade_B,Grade_D,Grade_B → Grade_D,Day,111.34,113.07,514.05,45.16,15.42,110.57,1.55,0,113.83
191,Grade_D,Grade_B,Grade_D → Grade_B,Day,96.39,95.71,544.72,24.01,10.34,55.5,0.71,1,66.03
192,Grade_D,Grade_B,Grade_D → Grade_B,Night,103.52,99.41,363.31,35.23,16.39,77.21,3.97,0,100.24
193,Grade_C,Grade_E,Grade_C → Grade_E,Day,90.11,92.16,423.87,26.85,20.28,99.62,2.28,0,121.63
194,Grade_B,Grade_D,Grade_B → Grade_D,Day,104.5,103.0,355.31,41.13,12.84,79.94,1.43,0,93.24
195,Grade_E,Grade_A,Grade_E → Grade_A,Day,100.03,115.63,377.23,21.17,26.38,74.62,15.6,0,142.2
196,Grade_A,Grade_B,Grade_A → Grade_B,Day,92.5,98.0,385.35,30.23,11.71,63.38,5.95,0,79.17
197,Grade_B,Grade_D,Grade_B → Grade_D,Day,97.64,98.89,361.86,27.97,5.66,64.09,1.28,1,58.92
198,Grade_A,Grade_B,Grade_A → Grade_B,Evening,98.16,99.41,362.15,24.31,9.4,48.98,1.27,1,70.53
199,Grade_B,Grade_D,Grade_B → Grade_D,Day,97.3,96.81,412.06,21.35,15.99,66.43,0.51,0,99.51
200,Grade_E,Grade_A,Grade_E → Grade_A,Night,117.71,109.09,353.08,31.38,19.53,94.33,7.32,0,131.96
201,Grade_B,Grade_D,Grade_B → Grade_D,Night,99.02,98.14,466.32,29.23,11.58,80.9,0.88,0,81.61
202,Grade_E,Grade_A,Grade_E → Grade_A,Day,97.56,97.71,369.52,32.16,4.22,41.94,0.15,1,40.91
203,Grade_C,Grade_A,Grade_C → Grade_A,Day,79.03,79.57,560.0,47.09,6.66,60.29,0.68,1,63.73
204,Grade_D,Grade_B,Grade_D → Grade_B,Evening,91.06,91.74,395.17,34.74,4.15,66.9,0.75,1,54.75
205,Grade_C,Grade_A,Grade_C → Grade_A,Day,97.37,101.51,423.96,37.54,12.85,67.35,4.26,0,80.94
206,Grade_B,Grade_D,Grade_B → Grade_D,Day,93.14,91.39,348.76,27.33,7.24,51.67,1.88,1,63.76
207,Grade_D,Grade_E,Grade_D → Grade_E,Night,113.82,111.92,513.84,26.84,7.94,86.87,1.67,1,79.6
208,Grade_E,Grade_A,Grade_E → Grade_A,Night,98.35,106.13,481.57,24.64,15.32,50.36,7.91,0,79.03
209,Grade_B,Grade_D,Grade_B → Grade_D,Evening,112.88,118.9,436.33,43.31,22.31,105.86,5.33,0,137.19
210,Grade_D,Grade_E,Grade_D → Grade_E,Day,100.62,99.73,345.93,24.66,6.52,58.69,0.89,1,66.23
211,Grade_B,Grade_D,Grade_B → Grade_D,Evening,100.37,99.97,431.59,28.16,10.72,75.34,0.4,0,74.31
212,Grade_D,Grade_B,Grade_D → Grade_B,Evening,99.11,98.82,358.32,28.03,8.16,70.52,0.3,1,73.55
213,Grade_D,Grade_E,Grade_D → Grade_E,Day,100.04,100.26,500.43,25.4,20.27,95.26,0.22,0,118.87
214,Grade_C,Grade_A,Grade_C → Grade_A,Evening,117.19,118.5,464.51,18.76,7.91,38.65,1.12,1,45.01
215,Grade_D,Grade_B,Grade_D → Grade_B,Day,76.8,80.81,425.25,23.03,4.52,52.19,5.22,0,42.27
216,Grade_B,Grade_D,Grade_B → Grade_D,Day,79.98,80.58,286.0,28.62,9.09,72.68,0.76,1,87.11
217,Grade_A,Grade_B,Grade_A → Grade_B,Evening,94.57,98.32,365.91,21.67,16.19,47.43,3.97,0,86.86
218,Grade_A,Grade_B,Grade_A → Grade_B,Day,100.15,96.45,457.83,19.08,6.26,51.72,3.69,1,47.77
219,Grade_C,Grade_A,Grade_C → Grade_A,Day,106.9,106.04,486.71,28.98,5.04,31.49,0.8,1,35.16
220,Grade_E,Grade_A,Grade_E → Grade_A,Night,104.73,108.52,481.0,30.28,8.82,72.76,3.62,1,66.31
221,Grade_A,Grade_C,Grade_A → Grade_C,Night,96.16,96.96,332.44,27.65,5.69,70.92,0.83,1,69.38
222,Grade_C,Grade_A,Grade_C → Grade_A,Evening,110.19,98.9,436.59,25.51,7.35,54.13,10.25,0,60.02
223,Grade_D,Grade_B,Grade_D → Grade_B,Night,110.3,112.07,475.85,32.81,7.51,70.1,1.61,1,64.52
224,Grade_A,Grade_C,Grade_A → Grade_C,Night,101.84,122.7,328.79,31.19,31.07,124.19,20.48,0,185.35
225,Grade_D,Grade_B,Grade_D → Grade_B,Day,109.63,107.78,419.57,32.19,2.64,38.82,1.68,1,32.15
226,Grade_B,Grade_D,Grade_B → Grade_D,Day,102.73,105.73,435.06,32.73,5.64,63.75,2.92,1,46.7
227,Grade_D,Grade_E,Grade_D → Grade_E,Day,94.39,87.72,403.46,31.99,6.88,65.43,7.07,0,63.86
228,Grade_C,Grade_E,Grade_C → Grade_E,Day,106.98,109.02,318.13,30.67,6.22,69.73,1.91,1,82.73
229,Grade_C,Grade_E,Grade_C → Grade_E,Evening,101.11,101.07,402.09,27.05,13.13,90.98,0.04,0,97.29
230,Grade_A,Grade_C,Grade_A → Grade_C,Day,100.01,95.81,402.0,20.22,5.11,52.55,4.2,1,48.1
231,Grade_C,Grade_A,Grade_C → Grade_A,Day,114.73,115.14,411.86,34.92,2.64,45.21,0.36,1,37.88
232,Grade_D,Grade_E,Grade_D → Grade_E,Day,75.49,79.56,389.01,34.78,10.1,86.56,5.39,0,92.64
233,Grade_A,Grade_B,Grade_A → Grade_B,Day,85.82,86.58,395.63,27.84,6.0,45.22,0.89,1,52.21
234,Grade_D,Grade_E,Grade_D → Grade_E,Night,88.13,89.77,417.82,43.66,8.02,89.78,1.86,1,69.05
235,Grade_C,Grade_A,Grade_C → Grade_A,Day,96.37,93.76,444.34,28.38,18.13,66.37,2.71,0,102.21
236,Grade_D,Grade_B,Grade_D → Grade_B,Day,97.45,90.11,403.26,35.39,11.26,69.37,7.53,0,89.52
237,Grade_D,Grade_B,Grade_D → Grade_B,Day,84.93,87.47,397.47,34.94,10.5,64.14,2.99,1,76.76
238,Grade_C,Grade_A,Grade_C → Grade_A,Evening,90.15,96.96,425.08,32.69,11.11,69.8,7.55,0,72.67
239,Grade_B,Grade_D,Grade_B → Grade_D,Evening,91.39,96.21,314.35,25.34,12.2,79.47,5.28,0,98.09
240,Grade_D,Grade_B,Grade_D → Grade_B,Evening,124.57,119.11,446.24,43.22,7.85,63.14,4.38,1,57.07
241,Grade_A,Grade_C,Grade_A → Grade_C,Day,118.02,115.29,419.97,31.44,5.14,38.73,2.31,1,44.23
242,Grade_C,Grade_E,Grade_C → Grade_E,Day,95.88,92.69,422.18,38.39,10.78,92.45,3.33,0,84.77
243,Grade_A,Grade_B,Grade_A → Grade_B,Night,96.36,92.15,472.84,30.64,7.54,54.7,4.36,1,56.78
244,Grade_D,Grade_B,Grade_D → Grade_B,Evening,88.51,88.56,312.6,34.54,3.13,67.01,0.05,1,55.11
245,Grade_D,Grade_B,Grade_D → Grade_B,Evening,80.92,81.59,311.44,20.79,4.89,60.78,0.83,1,59.22
246,Grade_A,Grade_B,Grade_A → Grade_B,Evening,98.83,95.78,435.06,30.24,6.09,39.71,3.09,1,49.1
247,Grade_D,Grade_E,Grade_D → Grade_E,Evening,90.02,94.43,419.61,50.36,16.21,97.49,4.9,0,110.81
248,Grade_C,Grade_A,Grade_C → Grade_A,Day,99.15,100.92,429.36,29.69,8.41,68.01,1.78,1,64.6
249,Grade_D,Grade_E,Grade_D → Grade_E,Day,84.0,82.86,394.58,35.87,5.93,76.13,1.36,1,60.6
250,Grade_A,Grade_B,Grade_A → Grade_B,Evening,92.38,92.17,456.54,17.37,3.56,29.3,0.23,1,21.07
251,Grade_A,Grade_C,Grade_A → Grade_C,Day,101.49,90.37,471.3,20.54,16.3,52.84,10.96,0,81.1
252,Grade_C,Grade_A,Grade_C → Grade_A,Night,103.66,102.71,446.62,40.49,8.16,72.19,0.92,1,68.7
253,Grade_A,Grade_C,Grade_A → Grade_C,Evening,104.17,104.18,405.65,23.47,2.06,34.79,0.01,1,31.7
254,Grade_B,Grade_D,Grade_B → Grade_D,Evening,86.8,87.33,304.08,25.31,9.0,79.83,0.61,1,84.75
255,Grade_D,Grade_B,Grade_D → Grade_B,Night,108.55,110.43,462.31,27.3,14.18,74.47,1.73,0,96.87
256,Grade_A,Grade_C,Grade_A → Grade_C,Evening,92.0,92.37,487.2,25.23,4.28,58.67,0.4,1,44.38
257,Grade_D,Grade_B,Grade_D → Grade_B,Night,106.33,105.39,455.45,22.05,10.18,65.6,0.89,1,70.77
258,Grade_A,Grade_B,Grade_A → Grade_B,Evening,99.89,100.76,371.62,29.45,8.68,47.53,0.87,1,57.03
259,Grade_A,Grade_C,Grade_A → Grade_C,Night,86.24,88.11,457.06,53.34,5.32,84.88,2.17,1,69.28
260,Grade_C,Grade_E,Grade_C → Grade_E,Day,96.84,96.2,467.33,30.79,19.15,71.13,0.66,0,114.55
261,Grade_D,Grade_E,Grade_D → Grade_E,Evening,103.65,104.87,505.73,21.33,10.94,68.01,1.17,0,68.64
262,Grade_A,Grade_C,Grade_A → Grade_C,Evening,106.13,105.68,371.81,37.73,6.87,67.91,0.42,1,64.83
263,Grade_B,Grade_D,Grade_B → Grade_D,Day,98.59,96.73,407.54,21.52,8.23,66.03,1.89,1,71.42
264,Grade_E,Grade_A,Grade_E → Grade_A,Day,115.32,115.91,461.1,41.64,3.24,39.9,0.51,1,27.49
265,Grade_E,Grade_A,Grade_E → Grade_A,Night,110.08,109.2,423.16,29.4,4.55,72.61,0.8,1,58.13
266,Grade_C,Grade_E,Grade_C → Grade_E,Evening,97.43,98.57,358.55,35.02,8.41,95.29,1.17,1,92.89
267,Grade_C,Grade_A,Grade_C → Grade_A,Day,107.5,107.56,442.8,22.53,5.76,51.87,0.05,1,48.99
268,Grade_B,Grade_D,Grade_B → Grade_D,Day,119.34,118.5,451.83,34.03,7.92,68.77,0.71,1,67.76
269,Grade_C,Grade_E,Grade_C → Grade_E,Day,119.6,117.29,424.84,29.42,20.11,105.5,1.93,0,135.45
270,Grade_C,Grade_E,Grade_C → Grade_E,Day,87.72,85.24,432.08,31.77,13.96,74.2,2.83,0,97.47
271,Grade_B,Grade_D,Grade_B → Grade_D,Night,90.73,87.93,405.77,33.39,4.86,84.87,3.08,1,64.86
272,Grade_A,Grade_B,Grade_A → Grade_B,Day,114.85,116.9,501.31,15.7,15.27,39.21,1.78,0,72.89
273,Grade_A,Grade_C,Grade_A → Grade_C,Day,89.42,89.9,370.46,28.24,5.96,38.49,0.54,1,43.31
274,Grade_E,Grade_A,Grade_E → Grade_A,Evening,86.77,90.65,387.7,12.54,13.04,42.51,4.47,0,76.15
275,Grade_C,Grade_A,Grade_C → Grade_A,Day,95.14,94.06,420.6,23.75,5.79,42.61,1.13,1,38.22
276,Grade_C,Grade_A,Grade_C → Grade_A,Day,104.2,109.66,468.34,30.92,8.23,45.27,5.24,0,52.7
277,Grade_C,Grade_A,Grade_C → Grade_A,Evening,98.98,98.49,337.64,28.16,3.66,54.0,0.49,1,51.15
278,Grade_D,Grade_E,Grade_D → Grade_E,Evening,93.49,89.87,347.93,42.62,11.83,80.45,3.88,0,90.85
279,Grade_A,Grade_B,Grade_A → Grade_B,Night,93.26,88.29,307.92,28.38,14.3,57.73,5.33,0,94.13
280,Grade_A,Grade_B,Grade_A → Grade_B,Evening,92.88,91.39,421.8,39.1,2.46,66.22,1.61,1,55.28
281,Grade_B,Grade_D,Grade_B → Grade_D,Day,91.2,99.14,358.49,36.37,14.79,94.88,8.7,0,109.62
282,Grade_C,Grade_A,Grade_C → Grade_A,Evening,122.82,125.29,398.85,31.96,5.15,45.81,2.01,1,43.58
283,Grade_D,Grade_B,Grade_D → Grade_B,Night,102.98,107.94,456.38,38.91,23.59,110.15,4.82,0,147.21
284,Grade_C,Grade_A,Grade_C → Grade_A,Evening,108.87,104.81,384.72,28.26,12.95,75.2,3.73,0,91.15
285,Grade_C,Grade_A,Grade_C → Grade_A,Night,95.11,103.02,432.72,31.29,12.47,79.53,8.31,0,93.14
286,Grade_E,Grade_A,Grade_E → Grade_A,Evening,98.14,97.21,403.54,19.04,7.56,50.12,0.95,1,56.32
287,Grade_A,Grade_C,Grade_A → Grade_C,Night,92.86,89.61,456.97,36.76,34.47,134.45,3.49,0,193.59
288,Grade_C,Grade_E,Grade_C → Grade_E,Day,73.48,77.46,446.13,36.07,7.91,73.84,5.41,0,61.15
289,Grade_C,Grade_E,Grade_C → Grade_E,Evening,86.22,87.73,381.94,42.74,6.55,91.85,1.75,1,70.77
290,Grade_C,Grade_A,Grade_C → Grade_A,Day,81.89,85.56,410.72,17.85,4.76,34.94,4.48,1,29.47
291,Grade_D,Grade_E,Grade_D → Grade_E,Evening,77.5,78.99,477.41,31.21,17.13,88.51,1.92,0,110.14
292,Grade_B,Grade_D,Grade_B → Grade_D,Evening,88.05,86.65,441.64,36.75,10.07,77.62,1.59,1,72.47
293,Grade_E,Grade_A,Grade_E → Grade_A,Night,113.25,111.33,343.17,31.43,8.98,75.21,1.7,1,85.5
294,Grade_B,Grade_D,Grade_B → Grade_D,Night,99.56,94.13,456.06,25.45,8.4,75.71,5.46,0,71.18
295,Grade_C,Grade_E,Grade_C → Grade_E,Day,112.91,111.99,360.35,40.59,9.48,80.92,0.82,1,82.68
296,Grade_C,Grade_E,Grade_C → Grade_E,Evening,104.11,107.4,497.69,24.93,8.2,80.47,3.16,1,69.59
297,Grade_D,Grade_E,Grade_D → Grade_E,Evening,107.83,110.79,476.33,22.97,14.1,68.52,2.74,0,89.52
298,Grade_C,Grade_A,Grade_C → Grade_A,Day,90.99,91.04,435.94,34.37,6.38,51.82,0.05,1,47.63
299,Grade_B,Grade_D,Grade_B → Grade_D,Day,105.24,103.06,428.65,41.26,6.26,71.52,2.07,1,57.32
300,Grade_A,Grade_B,Grade_A → Grade_B,Day,107.29,108.38,408.5,19.67,13.67,53.25,1.01,0,83.05
301,Grade_B,Grade_D,Grade_B → Grade_D,Evening,94.23,96.24,457.32,30.81,5.67,47.73,2.13,1,47.52
302,Grade_D,Grade_E,Grade_D → Grade_E,Evening,105.6,107.19,399.61,29.98,10.54,88.24,1.51,1,86.53
303,Grade_A,Grade_B,Grade_A → Grade_B,Night,105.66,105.83,432.96,40.98,2.9,59.12,0.16,1,45.24
304,Grade_E,Grade_A,Grade_E → Grade_A,Day,94.5,93.67,467.96,19.82,2.99,45.38,0.88,1,35.45
305,Grade_C,Grade_E,Grade_C → Grade_E,Night,88.77,91.72,389.1,34.08,9.72,93.1,3.32,1,89.83
306,Grade_A,Grade_C,Grade_A → Grade_C,Day,88.16,81.9,386.11,34.37,5.71,58.13,7.1,0,52.09
307,Grade_B,Grade_D,Grade_B → Grade_D,Evening,100.87,101.83,354.31,31.56,7.17,90.56,0.95,1,89.74
308,Grade_C,Grade_E,Grade_C → Grade_E,Day,103.27,116.69,361.45,40.69,14.92,97.7,13.0,0,109.49
309,Grade_B,Grade_D,Grade_B → Grade_D,Evening,92.07,84.18,319.44,27.98,14.94,95.94,8.57,0,121.33
310,Grade_A,Grade_B,Grade_A → Grade_B,Night,100.27,99.39,460.14,30.42,10.37,67.64,0.87,1,72.75
311,Grade_D,Grade_B,Grade_D → Grade_B,Night,105.71,105.69,519.49,19.69,5.79,60.78,0.02,1,56.93
312,Grade_D,Grade_B,Grade_D → Grade_B,Night,106.18,104.68,498.39,27.65,9.24,72.46,1.41,1,75.15
313,Grade_A,Grade_B,Grade_A → Grade_B,Day,115.52,123.86,330.57,27.68,23.0,84.8,7.22,0,140.67
314,Grade_B,Grade_D,Grade_B → Grade_D,Day,112.77,118.06,459.87,28.26,32.02,100.43,4.69,0,163.94
315,Grade_A,Grade_C,Grade_A → Grade_C,Day,89.99,90.77,498.22,27.27,14.56,55.17,0.86,0,85.61
316,Grade_D,Grade_B,Grade_D → Grade_B,Day,116.84,118.09,394.88,17.78,4.49,36.78,1.07,1,45.85
317,Grade_D,Grade_B,Grade_D → Grade_B,Evening,94.69,94.74,425.58,28.94,8.39,65.67,0.05,1,64.44
318,Grade_D,Grade_B,Grade_D → Grade_B,Evening,110.45,121.79,309.57,29.65,10.19,70.22,10.27,0,85.47
319,Grade_E,Grade_A,Grade_E → Grade_A,Evening,100.68,101.14,434.67,36.03,8.76,73.41,0.46,1,68.96
320,Grade_D,Grade_E,Grade_D → Grade_E,Night,95.88,97.13,361.5,14.22,18.28,100.27,1.3,0,123.59
321,Grade_B,Grade_D,Grade_B → Grade_D,Evening,81.92,73.48,430.98,28.05,14.1,71.23,10.31,0,95.39
322,Grade_A,Grade_B,Grade_A → Grade_B,Night,98.28,97.4,334.13,30.25,4.63,53.96,0.9,1,50.47
323,Grade_C,Grade_E,Grade_C → Grade_E,Day,84.41,87.34,449.86,38.01,7.31,68.24,3.48,1,59.34
324,Grade_E,Grade_A,Grade_E → Grade_A,Day,109.67,102.99,476.35,30.59,14.28,83.54,6.09,0,102.38
325,Grade_E,Grade_A,Grade_E → Grade_A,Evening,115.17,100.96,376.93,28.42,18.82,81.98,12.34,0,117.77
326,Grade_A,Grade_C,Grade_A → Grade_C,Night,92.03,92.15,357.47,28.71,10.84,81.32,0.13,0,97.41
327,Grade_A,Grade_C,Grade_A → Grade_C,Day,103.02,112.62,301.42,20.78,20.0,61.17,9.31,0,113.7
328,Grade_A,Grade_B,Grade_A → Grade_B,Evening,92.75,92.88,405.35,26.6,8.48,52.69,0.14,1,60.63
329,Grade_A,Grade_C,Grade_A → Grade_C,Evening,93.72,93.13,388.01,39.41,4.99,71.83,0.63,1,57.52
330,Grade_C,Grade_E,Grade_C → Grade_E,Day,107.74,98.73,334.69,36.78,13.86,92.91,8.37,0,108.71
331,Grade_C,Grade_E,Grade_C → Grade_E,Day,99.61,106.19,444.92,32.19,41.59,146.9,6.61,0,219.27
332,Grade_B,Grade_D,Grade_B → Grade_D,Night,117.4,118.75,395.25,35.06,5.85,103.05,1.15,1,82.38
333,Grade_B,Grade_D,Grade_B → Grade_D,Evening,95.18,82.09,360.83,41.8,20.99,99.73,13.75,0,135.54
334,Grade_D,Grade_E,Grade_D → Grade_E,Day,109.99,115.1,389.5,31.28,12.88,71.83,4.65,0,87.41
335,Grade_C,Grade_A,Grade_C → Grade_A,Night,100.97,102.61,478.92,37.94,6.1,61.66,1.62,1,53.72
336,Grade_D,Grade_E,Grade_D → Grade_E,Day,107.96,109.42,453.16,41.21,3.69,86.96,1.35,1,57.16
337,Grade_E,Grade_A,Grade_E → Grade_A,Night,95.53,96.16,412.85,33.64,3.1,73.46,0.66,1,54.87
338,Grade_B,Grade_D,Grade_B → Grade_D,Day,99.5,101.02,454.05,28.17,6.66,59.82,1.53,1,51.53
339,Grade_A,Grade_C,Grade_A → Grade_C,Evening,98.85,100.83,356.15,30.26,10.87,69.97,2.0,0,84.96
340,Grade_E,Grade_A,Grade_E → Grade_A,Day,91.64,95.78,421.78,27.57,13.63,55.36,4.52,0,86.45
341,Grade_D,Grade_B,Grade_D → Grade_B,Day,106.62,96.29,428.1,35.44,16.22,88.31,9.69,0,111.3
342,Grade_B,Grade_D,Grade_B → Grade_D,Night,106.5,100.11,394.16,35.25,12.16,90.4,6.0,0,88.84
343,Grade_C,Grade_E,Grade_C → Grade_E,Day,105.94,103.16,443.95,43.43,10.79,90.68,2.62,0,85.48
344,Grade_C,Grade_E,Grade_C → Grade_E,Day,115.37,114.99,377.08,24.17,8.45,77.05,0.33,1,77.94
345,Grade_E,Grade_A,Grade_E → Grade_A,Day,114.49,115.89,448.04,21.87,10.29,48.51,1.22,1,62.41
346,Grade_B,Grade_D,Grade_B → Grade_D,Evening,96.25,97.01,450.35,45.35,6.69,81.28,0.79,1,62.54
347,Grade_E,Grade_A,Grade_E → Grade_A,Night,103.73,105.59,259.56,34.94,4.77,73.08,1.8,1,74.46
348,Grade_E,Grade_A,Grade_E → Grade_A,Night,93.76,97.65,485.47,28.07,9.68,75.34,4.15,1,75.28
349,Grade_A,Grade_C,Grade_A → Grade_C,Day,100.23,96.2,252.38,36.48,13.21,93.02,4.03,0,121.83
350,Grade_A,Grade_C,Grade_A → Grade_C,Day,94.0,94.26,386.12,32.01,3.16,56.89,0.28,1,44.73
351,Grade_C,Grade_E,Grade_C → Grade_E,Day,116.2,113.94,476.39,39.32,7.62,89.47,1.95,1,80.55
352,Grade_A,Grade_B,Grade_A → Grade_B,Evening,103.64,103.11,402.55,24.58,8.02,48.15,0.51,1,51.23
353,Grade_B,Grade_D,Grade_B → Grade_D,Night,97.82,99.01,339.36,34.62,10.57,85.6,1.22,0,88.03
354,Grade_C,Grade_A,Grade_C → Grade_A,Evening,111.94,98.4,359.84,28.08,11.35,69.6,12.09,0,86.9
355,Grade_E,Grade_A,Grade_E → Grade_A,Evening,78.29,98.24,476.48,19.82,23.64,77.87,25.48,0,129.9
356,Grade_E,Grade_A,Grade_E → Grade_A,Day,79.86,80.2,314.32,27.01,1.7,31.09,0.42,1,29.8
357,Grade_A,Grade_C,Grade_A → Grade_C,Night,107.96,102.66,482.09,34.95,25.43,102.81,4.91,0,145.66
358,Grade_E,Grade_A,Grade_E → Grade_A,Evening,100.6,116.11,416.97,42.49,23.0,98.88,15.42,0,129.65
359,Grade_A,Grade_B,Grade_A → Grade_B,Day,102.5,100.89,354.42,26.78,13.21,53.34,1.57,0,81.42
360,Grade_D,Grade_B,Grade_D → Grade_B,Day,86.74,87.19,387.93,11.24,9.65,58.81,0.52,1,72.69
361,Grade_D,Grade_E,Grade_D → Grade_E,Day,99.77,98.63,364.05,37.17,6.66,80.81,1.14,1,71.62
362,Grade_E,Grade_A,Grade_E → Grade_A,Day,120.04,127.94,467.64,43.78,13.67,89.95,6.58,0,96.31
363,Grade_A,Grade_C,Grade_A → Grade_C,Day,108.24,107.89,460.28,35.85,9.64,67.26,0.33,1,66.22
364,Grade_E,Grade_A,Grade_E → Grade_A,Day,101.7,102.03,325.45,21.11,6.38,46.82,0.33,1,54.96
365,Grade_A,Grade_B,Grade_A → Grade_B,Evening,95.61,101.25,397.8,36.52,13.38,63.24,5.9,0,90.87
366,Grade_C,Grade_E,Grade_C → Grade_E,Day,96.05,99.55,372.52,26.6,17.11,89.82,3.65,0,114.31
367,Grade_C,Grade_A,Grade_C → Grade_A,Day,78.71,78.37,491.14,15.32,17.99,54.09,0.43,0,88.71
368,Grade_B,Grade_D,Grade_B → Grade_D,Night,102.58,105.41,345.74,29.23,7.29,68.18,2.76,1,69.19
369,Grade_A,Grade_B,Grade_A → Grade_B,Evening,108.45,123.29,508.23,28.71,16.71,61.68,13.69,0,86.01
370,Grade_D,Grade_E,Grade_D → Grade_E,Evening,84.24,85.19,418.17,16.63,8.56,59.84,1.13,1,59.01
371,Grade_B,Grade_D,Grade_B → Grade_D,Day,93.39,93.81,356.09,22.02,10.31,68.12,0.45,1,85.38
372,Grade_D,Grade_B,Grade_D → Grade_B,Night,88.43,89.16,382.75,26.2,12.25,83.42,0.83,0,91.93
373,Grade_C,Grade_A,Grade_C → Grade_A,Day,90.35,97.54,375.91,24.86,15.67,57.56,7.96,0,98.48
374,Grade_B,Grade_D,Grade_B → Grade_D,Day,100.53,97.64,349.9,32.76,13.77,85.78,2.87,0,102.02
375,Grade_E,Grade_A,Grade_E → Grade_A,Night,79.16,78.41,425.22,17.86,7.71,54.6,0.95,1,56.88
376,Grade_A,Grade_B,Grade_A → Grade_B,Evening,106.14,105.2,352.46,35.36,1.75,25.1,0.89,1,29.25
377,Grade_D,Grade_B,Grade_D → Grade_B,Evening,107.54,102.54,300.08,18.39,12.06,60.24,4.65,0,76.66
378,Grade_D,Grade_B,Grade_D → Grade_B,Evening,97.49,95.69,399.12,44.49,9.92,93.59,1.84,1,89.12
379,Grade_C,Grade_A,Grade_C → Grade_A,Evening,75.19,75.12,320.84,13.99,3.49,21.5,0.09,1,33.75
380,Grade_B,Grade_D,Grade_B → Grade_D,Day,90.04,96.71,378.63,28.66,10.77,72.19,7.4,0,87.47
381,Grade_A,Grade_B,Grade_A → Grade_B,Day,112.33,113.73,370.0,31.17,7.45,65.75,1.24,1,71.11
382,Grade_E,Grade_A,Grade_E → Grade_A,Day,72.22,66.44,372.08,36.38,18.12,74.23,8.01,0,104.5
383,Grade_E,Grade_A,Grade_E → Grade_A,Day,96.52,90.2,530.05,27.2,24.82,79.25,6.55,0,135.43
384,Grade_A,Grade_C,Grade_A → Grade_C,Night,88.2,96.07,423.1,37.34,16.35,81.84,8.92,0,101.18
385,Grade_A,Grade_B,Grade_A → Grade_B,Day,108.05,110.87,433.5,25.34,7.15,57.84,2.61,1,53.22
386,Grade_A,Grade_B,Grade_A → Grade_B,Evening,93.25,93.33,322.3,19.41,8.44,47.18,0.09,1,66.05
387,Grade_A,Grade_B,Grade_A → Grade_B,Evening,104.04,103.34,384.03,27.49,4.52,47.52,0.67,1,44.75
388,Grade_D,Grade_E,Grade_D → Grade_E,Evening,105.65,108.52,431.84,23.12,7.29,78.72,2.72,1,74.95
389,Grade_E,Grade_A,Grade_E → Grade_A,Day,118.36,115.78,363.65,19.07,7.41,50.71,2.18,1,60.84
390,Grade_A,Grade_C,Grade_A → Grade_C,Day,97.97,98.95,469.94,34.18,7.15,50.56,1.0,1,53.64
391,Grade_D,Grade_B,Grade_D → Grade_B,Night,103.76,107.79,353.85,27.15,5.07,62.32,3.88,1,62.23
392,Grade_A,Grade_C,Grade_A → Grade_C,Evening,85.15,86.51,404.25,31.36,18.98,88.35,1.6,0,120.96
393,Grade_B,Grade_D,Grade_B → Grade_D,Night,111.9,105.8,387.77,24.6,22.47,96.29,5.45,0,137.96
394,Grade_C,Grade_E,Grade_C → Grade_E,Night,92.39,95.47,429.04,34.44,21.43,98.58,3.33,0,134.9
395,Grade_D,Grade_B,Grade_D → Grade_B,Evening,94.39,90.88,384.77,24.01,21.36,83.93,3.72,0,126.87
396,Grade_D,Grade_E,Grade_D → Grade_E,Day,99.78,84.66,405.1,43.55,30.99,112.12,15.16,0,172.3
397,Grade_A,Grade_B,Grade_A → Grade_B,Evening,84.37,85.49,407.01,28.95,4.58,62.53,1.33,1,56.68
398,Grade_A,Grade_C,Grade_A → Grade_C,Day,102.29,113.57,379.61,37.38,28.84,104.99,11.03,0,162.37
399,Grade_B,Grade_D,Grade_B → Grade_D,Evening,109.67,108.8,446.68,30.43,7.99,62.76,0.79,1,62.6
400,Grade_B,Grade_D,Grade_B → Grade_D,Night,102.93,100.99,433.11,31.41,14.69,87.06,1.88,0,106.17
401,Grade_E,Grade_A,Grade_E → Grade_A,Evening,84.11,83.05,415.13,21.27,3.14,25.72,1.26,1,32.12
402,Grade_D,Grade_E,Grade_D → Grade_E,Day,98.76,98.37,396.32,30.42,7.35,60.12,0.39,1,61.13
403,Grade_B,Grade_D,Grade_B → Grade_D,Day,107.42,104.24,463.81,27.55,16.18,86.41,2.96,0,102.33
404,Grade_E,Grade_A,Grade_E → Grade_A,Night,81.22,76.31,407.03,30.04,13.86,100.12,6.04,0,110.73
405,Grade_C,Grade_A,Grade_C → Grade_A,Day,89.25,93.2,403.13,21.22,5.96,47.4,4.43,1,51.83
406,Grade_C,Grade_E,Grade_C → Grade_E,Day,108.77,110.51,425.76,25.48,10.66,74.56,1.6,0,79.57
407,Grade_C,Grade_A,Grade_C → Grade_A,Day,102.7,103.72,513.31,16.0,5.11,26.91,1.0,1,31.39
408,Grade_A,Grade_C,Grade_A → Grade_C,Day,104.12,108.82,346.28,16.61,15.19,50.46,4.51,0,89.62
409,Grade_E,Grade_A,Grade_E → Grade_A,Day,118.59,123.72,462.34,32.12,19.01,94.26,4.33,0,118.3
410,Grade_A,Grade_B,Grade_A → Grade_B,Evening,104.69,104.03,315.88,17.01,4.59,37.1,0.63,1,44.24
411,Grade_A,Grade_C,Grade_A → Grade_C,Day,106.58,107.36,431.95,16.18,8.18,62.48,0.73,1,63.49
412,Grade_A,Grade_C,Grade_A → Grade_C,Day,127.11,126.8,506.63,41.94,3.26,70.66,0.24,1,51.35
413,Grade_B,Grade_D,Grade_B → Grade_D,Day,97.86,99.48,446.88,23.72,10.58,48.19,1.66,0,62.03
414,Grade_A,Grade_C,Grade_A → Grade_C,Day,92.02,93.4,429.38,32.82,11.52,60.17,1.5,0,77.02
415,Grade_A,Grade_B,Grade_A → Grade_B,Day,104.28,103.03,389.18,33.67,9.33,50.76,1.2,1,68.8
416,Grade_D,Grade_B,Grade_D → Grade_B,Evening,104.39,98.91,421.71,36.05,11.77,77.37,5.25,0,87.63
417,Grade_E,Grade_A,Grade_E → Grade_A,Day,94.73,95.11,406.14,11.54,7.38,35.35,0.4,1,45.57
418,Grade_A,Grade_B,Grade_A → Grade_B,Day,89.68,89.18,376.77,21.48,6.94,67.64,0.55,1,68.84
419,Grade_B,Grade_D,Grade_B → Grade_D,Day,123.1,117.5,404.06,21.87,8.47,49.8,4.55,1,58.94
420,Grade_C,Grade_E,Grade_C → Grade_E,Day,103.27,104.65,430.91,51.69,7.79,98.35,1.34,1,76.43
421,Grade_E,Grade_A,Grade_E → Grade_A,Day,92.68,94.75,377.8,8.5,6.12,36.98,2.23,1,48.66
422,Grade_D,Grade_B,Grade_D → Grade_B,Day,109.16,119.34,375.65,25.89,11.51,63.82,9.33,0,80.4
423,Grade_D,Grade_E,Grade_D → Grade_E,Night,98.91,96.0,345.19,28.96,21.25,110.09,2.94,0,152.79
424,Grade_C,Grade_E,Grade_C → Grade_E,Day,97.47,96.29,441.49,21.57,6.27,53.71,1.21,1,57.32
425,Grade_C,Grade_A,Grade_C → Grade_A,Evening,105.62,102.61,449.99,40.55,7.74,67.95,2.85,1,67.32
426,Grade_A,Grade_C,Grade_A → Grade_C,Evening,87.08,87.39,432.74,44.52,4.29,74.36,0.36,1,56.9
427,Grade_D,Grade_E,Grade_D → Grade_E,Day,103.53,104.05,473.08,27.35,7.3,67.51,0.5,1,63.35
428,Grade_D,Grade_E,Grade_D → Grade_E,Day,119.13,116.87,424.83,24.58,7.97,69.56,1.9,1,62.12
429,Grade_A,Grade_B,Grade_A → Grade_B,Evening,104.66,104.12,441.56,16.78,8.89,55.25,0.52,1,54.55
430,Grade_D,Grade_B,Grade_D → Grade_B,Night,96.24,88.8,436.71,35.74,10.75,92.92,7.73,0,85.23
431,Grade_A,Grade_B,Grade_A → Grade_B,Day,94.93,97.31,414.97,24.86,7.33,44.25,2.5,1,50.3
432,Grade_D,Grade_B,Grade_D → Grade_B,Day,95.9,92.95,390.8,26.33,10.94,52.24,3.08,0,61.51
433,Grade_D,Grade_E,Grade_D → Grade_E,Day,97.46,97.39,541.78,36.67,5.98,64.04,0.07,1,53.99
434,Grade_A,Grade_C,Grade_A → Grade_C,Day,96.22,91.61,395.14,27.5,9.24,55.79,4.79,1,64.51
435,Grade_C,Grade_A,Grade_C → Grade_A,Evening,109.16,106.52,383.38,32.29,12.95,72.38,2.42,0,87.94
436,Grade_A,Grade_B,Grade_A → Grade_B,Day,82.67,82.3,443.87,21.58,3.79,28.78,0.45,1,26.44
437,Grade_C,Grade_E,Grade_C → Grade_E,Day,108.62,108.6,433.85,27.74,4.5,57.9,0.02,1,46.22
438,Grade_E,Grade_A,Grade_E → Grade_A,Night,96.2,98.93,342.74,34.81,16.28,80.38,2.84,0,115.79
439,Grade_A,Grade_B,Grade_A → Grade_B,Day,103.77,105.31,481.75,27.59,3.06,21.79,1.49,1,25.36
440,Grade_C,Grade_A,Grade_C → Grade_A,Day,88.73,90.08,414.82,33.57,5.28,49.51,1.53,1,43.98
441,Grade_E,Grade_A,Grade_E → Grade_A,Evening,113.29,117.65,358.9,25.16,12.96,52.74,3.85,0,80.21
442,Grade_B,Grade_D,Grade_B → Grade_D,Day,112.46,115.19,485.38,22.08,5.4,42.74,2.43,1,42.29
443,Grade_A,Grade_C,Grade_A → Grade_C,Day,109.6,112.49,454.41,20.39,14.47,54.76,2.63,0,77.69
444,Grade_C,Grade_A,Grade_C → Grade_A,Day,84.85,84.79,350.45,23.05,4.75,30.06,0.07,1,37.03
445,Grade_C,Grade_E,Grade_C → Grade_E,Night,108.29,111.17,517.75,29.88,8.14,89.92,2.66,1,81.99
446,Grade_D,Grade_B,Grade_D → Grade_B,Day,104.05,105.6,456.23,39.71,4.12,68.6,1.49,1,50.47
447,Grade_B,Grade_D,Grade_B → Grade_D,Day,83.95,85.36,419.44,34.89,6.22,63.06,1.68,1,52.13
448,Grade_E,Grade_A,Grade_E → Grade_A,Day,99.76,93.95,507.46,36.76,11.41,61.39,5.82,0,73.53
449,Grade_C,Grade_E,Grade_C → Grade_E,Day,103.65,101.39,428.76,40.41,7.68,89.7,2.18,1,76.68
450,Grade_B,Grade_D,Grade_B → Grade_D,Evening,105.56,103.96,418.46,35.15,16.61,85.57,1.51,0,97.48
451,Grade_E,Grade_A,Grade_E → Grade_A,Day,101.77,103.98,383.68,33.45,8.1,52.73,2.17,1,60.82
452,Grade_E,Grade_A,Grade_E → Grade_A,Evening,102.91,102.84,452.0,24.82,9.07,66.61,0.07,1,71.85
453,Grade_C,Grade_A,Grade_C → Grade_A,Evening,114.74,116.63,446.21,27.15,4.75,56.26,1.65,1,49.37
454,Grade_A,Grade_B,Grade_A → Grade_B,Night,112.26,120.16,420.81,41.73,17.16,97.4,7.04,0,122.55
455,Grade_C,Grade_E,Grade_C → Grade_E,Day,71.33,77.59,376.55,34.25,14.92,101.63,8.78,0,117.46
456,Grade_C,Grade_E,Grade_C → Grade_E,Night,96.83,103.62,427.15,37.85,16.09,93.7,7.01,0,113.65
457,Grade_A,Grade_C,Grade_A → Grade_C,Evening,98.35,95.5,416.16,24.18,7.85,68.5,2.9,1,76.72
458,Grade_D,Grade_B,Grade_D → Grade_B,Day,82.48,83.13,346.66,38.29,3.83,66.82,0.79,1,60.53
459,Grade_D,Grade_E,Grade_D → Grade_E,Evening,100.94,98.61,339.05,41.62,10.97,103.55,2.31,0,104.1
460,Grade_A,Grade_B,Grade_A → Grade_B,Night,112.49,105.6,451.08,30.13,11.94,73.58,6.13,0,86.16
461,Grade_D,Grade_B,Grade_D → Grade_B,Day,89.13,87.95,276.9,40.17,11.73,81.93,1.32,0,98.2
462,Grade_A,Grade_C,Grade_A → Grade_C,Night,103.36,108.87,431.3,22.29,11.87,67.75,5.33,0,79.25
463,Grade_D,Grade_B,Grade_D → Grade_B,Day,90.84,92.54,393.71,23.99,10.52,62.93,1.87,1,71.48
464,Grade_C,Grade_A,Grade_C → Grade_A,Evening,93.28,96.97,491.95,26.44,5.23,44.3,3.96,1,44.27
465,Grade_A,Grade_B,Grade_A → Grade_B,Night,114.77,115.14,392.86,26.54,5.98,65.32,0.32,1,56.95
466,Grade_E,Grade_A,Grade_E → Grade_A,Day,94.57,97.64,456.27,49.07,3.58,50.81,3.24,1,37.73
467,Grade_A,Grade_C,Grade_A → Grade_C,Night,104.62,105.66,398.17,31.84,16.66,84.51,0.99,0,108.64
468,Grade_C,Grade_E,Grade_C → Grade_E,Day,81.29,81.5,426.26,30.77,26.28,127.18,0.25,0,161.37
469,Grade_A,Grade_C,Grade_A → Grade_C,Evening,118.62,100.84,460.53,32.05,39.72,114.59,14.99,0,194.32
470,Grade_E,Grade_A,Grade_E → Grade_A,Evening,106.03,109.83,394.56,17.44,9.77,49.29,3.58,1,58.04
471,Grade_D,Grade_B,Grade_D → Grade_B,Day,98.18,96.33,474.81,23.1,10.54,48.39,1.89,1,58.91
472,Grade_D,Grade_E,Grade_D → Grade_E,Day,105.76,103.75,365.35,40.62,8.9,86.95,1.9,1,80.89
473,Grade_C,Grade_A,Grade_C → Grade_A,Day,85.9,89.91,436.2,26.14,8.94,43.52,4.67,1,56.88
474,Grade_C,Grade_A,Grade_C → Grade_A,Day,111.83,113.43,470.75,26.87,3.95,39.18,1.43,1,36.24
475,Grade_D,Grade_B,Grade_D → Grade_B,Day,96.76,99.83,456.3,40.89,7.76,77.31,3.18,1,73.94
476,Grade_D,Grade_E,Grade_D → Grade_E,Day,97.96,97.17,525.4,42.26,6.21,69.64,0.8,1,63.04
477,Grade_D,Grade_E,Grade_D → Grade_E,Day,95.08,94.93,378.01,36.21,8.2,84.97,0.15,1,83.91
478,Grade_A,Grade_B,Grade_A → Grade_B,Day,94.19,94.1,344.15,24.49,4.31,47.32,0.1,1,51.14
479,Grade_D,Grade_B,Grade_D → Grade_B,Evening,106.95,110.28,365.31,28.58,12.17,82.51,3.12,0,94.27
480,Grade_A,Grade_B,Grade_A → Grade_B,Evening,102.56,109.06,456.32,22.04,11.95,54.12,6.33,0,75.98
481,Grade_B,Grade_D,Grade_B → Grade_D,Evening,106.52,108.0,447.39,22.46,11.48,98.38,1.39,0,97.98
482,Grade_D,Grade_E,Grade_D → Grade_E,Day,99.91,104.58,425.62,29.33,6.75,76.46,4.67,1,67.18
483,Grade_B,Grade_D,Grade_B → Grade_D,Night,105.13,107.02,358.24,26.83,6.02,78.35,1.8,1,75.42
484,Grade_D,Grade_E,Grade_D → Grade_E,Evening,95.81,94.64,462.18,25.31,14.19,72.36,1.22,0,80.09
485,Grade_C,Grade_A,Grade_C → Grade_A,Day,122.3,124.57,352.64,16.35,7.83,39.99,1.86,1,54.98
486,Grade_A,Grade_C,Grade_A → Grade_C,Day,84.32,85.82,483.74,36.01,2.52,64.37,1.78,1,43.0
487,Grade_B,Grade_D,Grade_B → Grade_D,Evening,112.61,119.97,560.0,32.97,10.52,90.0,6.54,0,90.95
488,Grade_C,Grade_E,Grade_C → Grade_E,Day,113.68,118.74,440.15,44.41,12.19,109.95,4.45,0,109.41
489,Grade_D,Grade_E,Grade_D → Grade_E,Evening,91.48,91.52,452.07,27.52,4.84,72.98,0.05,1,51.27
490,Grade_C,Grade_E,Grade_C → Grade_E,Night,122.29,121.17,392.89,44.63,14.79,105.66,0.92,0,118.24
491,Grade_E,Grade_A,Grade_E → Grade_A,Day,109.95,110.56,320.44,21.5,3.0,44.93,0.55,1,40.5
492,Grade_D,Grade_E,Grade_D → Grade_E,Day,109.71,113.45,386.85,27.96,6.39,54.93,3.41,1,51.31
493,Grade_D,Grade_E,Grade_D → Grade_E,Night,100.28,101.19,359.89,49.23,6.02,88.13,0.91,1,74.6
494,Grade_C,Grade_E,Grade_C → Grade_E,Evening,97.83,98.96,340.41,42.8,7.12,96.05,1.16,1,84.43
495,Grade_B,Grade_D,Grade_B → Grade_D,Day,97.91,97.99,514.73,30.47,4.64,62.59,0.09,1,44.43
496,Grade_C,Grade_A,Grade_C → Grade_A,Night,103.91,102.06,435.01,28.16,16.12,87.27,1.78,0,107.03
497,Grade_A,Grade_B,Grade_A → Grade_B,Night,114.01,113.57,440.88,26.78,7.7,63.88,0.38,1,64.79
498,Grade_B,Grade_D,Grade_B → Grade_D,Evening,101.81,102.17,403.0,25.56,7.63,71.5,0.36,1,71.95
499,Grade_E,Grade_A,Grade_E → Grade_A,Evening,90.89,100.73,410.49,28.73,16.36,65.25,10.82,0,92.37
500,Grade_C,Grade_A,Grade_C → Grade_A,Day,108.24,106.97,473.05,23.81,15.11,56.88,1.17,0,84.01
501,Grade_A,Grade_B,Grade_A → Grade_B,Day,109.21,109.31,418.22,16.51,5.69,18.64,0.1,1,30.22
502,Grade_D,Grade_B,Grade_D → Grade_B,Evening,106.55,103.3,449.19,36.04,10.72,57.33,3.05,0,75.81
503,Grade_E,Grade_A,Grade_E → Grade_A,Day,107.45,108.81,409.22,34.03,5.42,61.42,1.26,1,42.48
504,Grade_D,Grade_E,Grade_D → Grade_E,Evening,97.29,101.91,401.18,24.39,9.65,66.21,4.75,1,68.26
505,Grade_B,Grade_D,Grade_B → Grade_D,Night,90.71,94.38,342.62,31.28,6.45,88.97,4.04,1,79.27
506,Grade_C,Grade_A,Grade_C → Grade_A,Day,91.32,92.06,311.22,15.07,10.34,55.31,0.81,1,73.13
507,Grade_C,Grade_E,Grade_C → Grade_E,Evening,83.65,87.45,405.61,30.78,18.92,95.58,4.55,0,119.18
508,Grade_A,Grade_C,Grade_A → Grade_C,Day,102.37,101.58,423.11,20.13,14.73,64.77,0.77,0,86.69
509,Grade_B,Grade_D,Grade_B → Grade_D,Night,99.17,101.19,349.26,39.73,10.92,91.46,2.03,0,92.95
510,Grade_A,Grade_C,Grade_A → Grade_C,Day,95.6,95.86,418.1,20.15,2.4,20.81,0.28,1,20.29
511,Grade_E,Grade_A,Grade_E → Grade_A,Evening,70.44,70.56,422.96,26.5,5.75,53.53,0.17,1,52.09
512,Grade_D,Grade_B,Grade_D → Grade_B,Evening,87.53,87.95,301.42,25.75,8.61,61.46,0.47,1,74.84
513,Grade_D,Grade_E,Grade_D → Grade_E,Day,111.21,111.96,369.67,26.79,4.76,58.55,0.68,1,52.08
514,Grade_D,Grade_E,Grade_D → Grade_E,Evening,93.35,92.84,442.4,23.26,4.93,79.88,0.54,1,60.52
515,Grade_E,Grade_A,Grade_E → Grade_A,Evening,103.61,101.95,441.29,35.18,19.6,71.74,1.61,0,108.02
516,Grade_A,Grade_B,Grade_A → Grade_B,Evening,86.09,94.09,356.55,31.53,13.38,71.36,9.29,0,85.47
517,Grade_E,Grade_A,Grade_E → Grade_A,Evening,114.39,125.4,428.71,33.41,11.6,60.72,9.62,0,75.85
518,Grade_A,Grade_B,Grade_A → Grade_B,Night,98.56,92.95,476.23,44.69,13.31,94.55,5.69,0,96.8
519,Grade_C,Grade_A,Grade_C → Grade_A,Day,102.9,101.46,462.74,36.88,3.27,52.58,1.4,1,45.42
520,Grade_C,Grade_E,Grade_C → Grade_E,Evening,123.26,120.91,414.76,30.94,7.02,83.05,1.91,1,73.14
521,Grade_B,Grade_D,Grade_B → Grade_D,Day,115.16,114.78,394.26,29.1,10.49,62.15,0.33,1,78.16
522,Grade_A,Grade_C,Grade_A → Grade_C,Evening,96.93,100.22,385.39,30.59,10.5,61.55,3.4,1,70.03
523,Grade_A,Grade_C,Grade_A → Grade_C,Evening,94.07,94.85,445.73,24.24,3.78,56.53,0.83,1,42.85
524,Grade_D,Grade_E,Grade_D → Grade_E,Day,96.74,97.37,430.73,40.21,10.47,100.32,0.65,1,86.86
525,Grade_B,Grade_D,Grade_B → Grade_D,Day,105.1,106.74,454.62,31.2,8.84,72.29,1.56,1,67.87
526,Grade_B,Grade_D,Grade_B → Grade_D,Night,98.95,94.88,427.25,39.35,16.8,97.2,4.11,0,117.28
527,Grade_E,Grade_A,Grade_E → Grade_A,Day,96.05,95.21,465.03,33.84,9.79,63.82,0.87,1,75.33
528,Grade_A,Grade_C,Grade_A → Grade_C,Evening,114.67,114.52,425.2,40.32,21.21,118.09,0.13,0,134.6
529,Grade_E,Grade_A,Grade_E → Grade_A,Day,98.86,95.38,463.16,29.38,6.27,50.95,3.52,1,48.14
530,Grade_E,Grade_A,Grade_E → Grade_A,Night,123.0,120.94,467.9,29.79,5.07,75.28,1.67,1,58.84
531,Grade_C,Grade_E,Grade_C → Grade_E,Day,100.91,92.16,375.75,42.46,22.3,108.15,8.67,0,144.29
532,Grade_A,Grade_C,Grade_A → Grade_C,Day,117.85,120.62,320.55,35.48,10.36,69.64,2.35,1,77.48
533,Grade_A,Grade_C,Grade_A → Grade_C,Night,103.57,104.37,504.89,27.47,9.31,74.15,0.77,1,66.95
534,Grade_B,Grade_D,Grade_B → Grade_D,Night,109.63,111.14,434.12,31.78,7.07,83.56,1.38,1,72.66
535,Grade_C,Grade_E,Grade_C → Grade_E,Day,92.75,87.29,325.7,31.0,8.48,73.09,5.89,0,71.52
536,Grade_A,Grade_C,Grade_A → Grade_C,Day,91.46,88.17,380.74,29.96,6.34,48.17,3.6,1,50.83
537,Grade_C,Grade_A,Grade_C → Grade_A,Evening,104.6,105.49,462.45,20.3,3.82,48.21,0.85,1,40.54
538,Grade_A,Grade_B,Grade_A → Grade_B,Night,109.89,107.29,404.62,16.2,2.67,51.59,2.36,1,40.92
539,Grade_C,Grade_E,Grade_C → Grade_E,Day,100.4,103.9,391.84,35.85,8.17,95.91,3.49,1,83.59
540,Grade_A,Grade_B,Grade_A → Grade_B,Evening,87.14,79.09,497.05,23.0,12.62,70.04,9.24,0,81.21
541,Grade_D,Grade_B,Grade_D → Grade_B,Evening,86.4,91.77,362.4,30.01,18.19,86.58,6.21,0,120.41
542,Grade_A,Grade_B,Grade_A → Grade_B,Evening,85.73,81.22,376.1,33.93,14.49,68.93,5.26,0,94.17
543,Grade_A,Grade_C,Grade_A → Grade_C,Evening,82.32,88.13,431.63,33.98,15.83,92.17,7.06,0,103.5
544,Grade_A,Grade_C,Grade_A → Grade_C,Evening,101.09,106.23,441.48,28.61,4.58,60.53,5.09,0,49.48
545,Grade_D,Grade_E,Grade_D → Grade_E,Day,111.25,102.5,447.3,16.5,11.0,52.29,7.87,0,68.81
546,Grade_A,Grade_B,Grade_A → Grade_B,Night,99.87,102.79,470.12,24.51,12.0,54.7,2.92,0,78.94
547,Grade_C,Grade_A,Grade_C → Grade_A,Night,77.4,69.32,430.92,35.87,12.77,85.35,10.44,0,94.79
548,Grade_C,Grade_E,Grade_C → Grade_E,Evening,98.09,99.62,446.92,40.22,10.22,92.11,1.56,1,91.28
549,Grade_C,Grade_E,Grade_C → Grade_E,Day,98.37,97.59,405.74,30.25,10.84,80.86,0.8,0,81.4
550,Grade_D,Grade_B,Grade_D → Grade_B,Day,120.96,121.63,423.45,34.59,14.84,86.76,0.56,0,97.57
551,Grade_D,Grade_E,Grade_D → Grade_E,Evening,85.43,81.28,425.91,50.39,13.0,111.1,4.86,0,105.67
552,Grade_C,Grade_A,Grade_C → Grade_A,Day,96.09,99.36,431.83,29.27,11.96,70.82,3.4,0,80.25
553,Grade_D,Grade_E,Grade_D → Grade_E,Night,117.06,112.59,462.49,28.16,8.83,65.04,3.82,1,62.63
554,Grade_B,Grade_D,Grade_B → Grade_D,Day,104.5,110.15,450.53,27.0,13.0,73.66,5.41,0,91.08
555,Grade_E,Grade_A,Grade_E → Grade_A,Evening,105.63,104.33,422.43,34.34,9.11,72.56,1.23,1,75.31
556,Grade_C,Grade_E,Grade_C → Grade_E,Night,101.15,92.83,375.5,36.82,16.95,99.83,8.23,0,117.46
557,Grade_D,Grade_B,Grade_D → Grade_B,Day,103.3,106.39,423.72,27.41,5.53,47.26,2.99,1,47.92
558,Grade_E,Grade_A,Grade_E → Grade_A,Day,107.78,107.48,418.46,15.78,12.71,41.8,0.28,0,68.54
559,Grade_D,Grade_E,Grade_D → Grade_E,Evening,91.91,97.57,430.62,25.16,8.48,70.95,6.16,0,71.57
560,Grade_D,Grade_E,Grade_D → Grade_E,Evening,108.78,115.13,541.36,30.68,14.85,99.07,5.84,0,101.09
561,Grade_C,Grade_E,Grade_C → Grade_E,Day,86.27,83.03,391.19,29.49,11.6,100.35,3.76,0,98.1
562,Grade_A,Grade_B,Grade_A → Grade_B,Evening,103.28,103.04,443.23,18.64,8.14,35.67,0.23,1,47.89
563,Grade_C,Grade_A,Grade_C → Grade_A,Night,101.79,102.12,478.77,28.26,7.77,67.61,0.32,1,66.86
564,Grade_A,Grade_C,Grade_A → Grade_C,Day,93.84,98.08,425.39,27.15,7.93,59.19,4.51,1,57.79
565,Grade_E,Grade_A,Grade_E → Grade_A,Day,99.77,100.69,548.58,37.3,6.02,58.41,0.92,1,43.19
566,Grade_A,Grade_C,Grade_A → Grade_C,Day,93.77,94.19,399.21,28.68,6.76,57.96,0.44,1,53.28
567,Grade_A,Grade_C,Grade_A → Grade_C,Day,89.28,88.51,437.82,32.09,10.96,66.91,0.86,0,74.91
568,Grade_A,Grade_C,Grade_A → Grade_C,Day,96.46,96.41,376.07,22.48,2.74,56.81,0.05,1,45.48
569,Grade_D,Grade_B,Grade_D → Grade_B,Day,88.96,94.99,400.67,33.14,13.2,83.31,6.78,0,100.7
570,Grade_C,Grade_E,Grade_C → Grade_E,Evening,103.23,103.25,433.69,39.31,15.44,93.05,0.02,0,107.53
571,Grade_E,Grade_A,Grade_E → Grade_A,Day,88.5,87.57,466.55,35.96,6.74,64.5,1.05,1,59.38
572,Grade_C,Grade_A,Grade_C → Grade_A,Night,107.12,105.15,437.55,34.79,9.99,82.67,1.84,1,80.29
573,Grade_B,Grade_D,Grade_B → Grade_D,Day,88.19,87.15,489.25,38.86,5.36,71.17,1.18,1,62.33
574,Grade_A,Grade_B,Grade_A → Grade_B,Day,94.34,89.57,414.78,25.34,9.72,58.57,5.06,0,64.4
575,Grade_A,Grade_B,Grade_A → Grade_B,Evening,93.75,92.58,401.73,31.19,4.45,51.85,1.25,1,45.36
576,Grade_B,Grade_D,Grade_B → Grade_D,Night,113.25,115.34,560.0,40.56,3.98,81.23,1.84,1,54.26
577,Grade_E,Grade_A,Grade_E → Grade_A,Day,103.3,102.09,441.68,17.75,16.72,58.93,1.17,0,96.6
578,Grade_C,Grade_E,Grade_C → Grade_E,Day,97.88,99.37,380.43,30.91,6.03,55.68,1.52,1,57.24
579,Grade_E,Grade_A,Grade_E → Grade_A,Day,104.99,98.41,381.82,31.2,7.58,55.92,6.27,0,58.28
580,Grade_A,Grade_B,Grade_A → Grade_B,Evening,78.93,80.72,368.15,31.73,8.98,53.84,2.26,1,65.78
581,Grade_A,Grade_B,Grade_A → Grade_B,Day,99.57,99.0,471.51,21.5,10.14,32.93,0.58,1,55.65
582,Grade_D,Grade_E,Grade_D → Grade_E,Day,119.98,118.36,399.96,31.18,9.62,87.66,1.35,1,82.89
583,Grade_A,Grade_B,Grade_A → Grade_B,Day,101.32,101.89,427.0,22.92,9.0,48.85,0.56,1,56.22
584,Grade_A,Grade_B,Grade_A → Grade_B,Evening,100.68,99.54,416.51,13.25,6.57,35.32,1.13,1,40.17
585,Grade_C,Grade_A,Grade_C → Grade_A,Night,105.48,102.55,460.23,29.82,3.94,53.02,2.78,1,44.3
586,Grade_E,Grade_A,Grade_E → Grade_A,Evening,108.96,111.65,373.43,26.07,8.32,60.76,2.47,1,65.78
587,Grade_D,Grade_B,Grade_D → Grade_B,Evening,80.03,81.11,360.84,32.81,12.7,87.27,1.35,0,96.57
588,Grade_A,Grade_B,Grade_A → Grade_B,Day,83.18,82.8,432.34,33.26,3.46,37.08,0.46,1,27.17
589,Grade_D,Grade_E,Grade_D → Grade_E,Day,102.1,98.48,453.05,22.49,10.7,66.37,3.54,0,74.27
590,Grade_D,Grade_E,Grade_D → Grade_E,Day,92.85,80.18,438.29,31.89,24.63,109.14,13.65,0,145.51
591,Grade_D,Grade_E,Grade_D → Grade_E,Evening,113.12,113.87,375.48,18.17,9.59,50.0,0.66,1,64.25
592,Grade_E,Grade_A,Grade_E → Grade_A,Night,96.85,102.02,457.26,26.39,9.15,65.87,5.33,0,69.03
593,Grade_A,Grade_C,Grade_A → Grade_C,Night,80.65,80.95,379.09,29.67,4.28,61.64,0.38,1,55.96
594,Grade_E,Grade_A,Grade_E → Grade_A,Night,87.32,84.84,391.32,27.72,5.12,61.24,2.84,1,57.27
595,Grade_B,Grade_D,Grade_B → Grade_D,Night,72.5,73.06,368.08,34.1,7.14,79.9,0.78,1,76.35
596,Grade_D,Grade_E,Grade_D → Grade_E,Night,97.66,97.39,491.56,39.13,14.36,103.72,0.27,0,106.34
597,Grade_C,Grade_E,Grade_C → Grade_E,Day,98.12,100.04,454.84,34.89,6.36,93.51,1.96,1,71.44
598,Grade_D,Grade_E,Grade_D → Grade_E,Day,95.76,98.25,453.27,29.09,11.75,71.97,2.6,0,76.52
599,Grade_D,Grade_B,Grade_D → Grade_B,Day,110.79,105.17,488.6,37.42,5.38,63.58,5.08,0,51.43
600,Grade_D,Grade_B,Grade_D → Grade_B,Evening,111.99,112.71,560.0,33.85,3.76,75.28,0.64,1,54.65
601,Grade_C,Grade_E,Grade_C → Grade_E,Day,98.3,93.24,325.99,27.81,14.4,82.5,5.15,0,102.05
602,Grade_D,Grade_E,Grade_D → Grade_E,Night,78.65,74.1,379.39,20.64,9.15,94.31,5.79,0,88.33
603,Grade_D,Grade_B,Grade_D → Grade_B,Evening,106.17,105.39,386.11,28.49,11.81,71.71,0.73,0,80.32
604,Grade_A,Grade_C,Grade_A → Grade_C,Evening,105.55,106.04,373.2,33.9,3.39,75.34,0.46,1,51.32
605,Grade_D,Grade_E,Grade_D → Grade_E,Day,103.09,101.17,360.73,48.22,3.34,88.41,1.86,1,69.53
606,Grade_C,Grade_E,Grade_C → Grade_E,Day,109.81,112.45,403.52,34.06,10.72,87.51,2.41,0,85.39
607,Grade_B,Grade_D,Grade_B → Grade_D,Day,88.35,89.64,353.09,32.87,4.83,64.88,1.46,1,55.94
608,Grade_C,Grade_E,Grade_C → Grade_E,Night,120.09,120.29,438.43,22.56,12.04,82.96,0.16,0,83.39
609,Grade_E,Grade_A,Grade_E → Grade_A,Evening,90.41,87.65,422.84,31.55,9.1,64.17,3.06,1,68.83
610,Grade_D,Grade_E,Grade_D → Grade_E,Evening,107.49,104.06,446.46,21.49,10.01,77.43,3.19,1,83.12
611,Grade_D,Grade_E,Grade_D → Grade_E,Day,83.13,89.09,447.93,34.26,16.61,88.85,7.18,0,105.4
612,Grade_C,Grade_A,Grade_C → Grade_A,Day,90.7,85.52,453.17,35.42,9.79,57.61,5.71,0,65.1
613,Grade_D,Grade_E,Grade_D → Grade_E,Day,115.16,124.33,399.46,38.24,24.62,106.56,7.96,0,151.11
614,Grade_C,Grade_A,Grade_C → Grade_A,Evening,97.39,97.01,536.66,26.42,6.52,56.98,0.39,1,46.91
615,Grade_D,Grade_B,Grade_D → Grade_B,Evening,108.4,108.26,432.89,33.74,4.26,72.95,0.13,1,62.91
616,Grade_D,Grade_B,Grade_D → Grade_B,Day,102.37,99.02,317.56,30.36,5.6,53.4,3.27,1,68.98
617,Grade_A,Grade_C,Grade_A → Grade_C,Night,98.95,98.53,364.87,25.82,8.14,63.02,0.42,1,57.85
618,Grade_B,Grade_D,Grade_B → Grade_D,Day,113.64,119.1,324.27,44.22,25.44,118.19,4.81,0,163.21
619,Grade_A,Grade_B,Grade_A → Grade_B,Night,97.63,93.4,420.95,26.05,9.04,75.45,4.33,1,70.27
620,Grade_A,Grade_C,Grade_A → Grade_C,Day,82.19,84.91,413.3,34.69,15.6,86.19,3.31,0,101.63
621,Grade_C,Grade_A,Grade_C → Grade_A,Day,91.97,92.15,394.24,12.33,5.68,20.46,0.19,1,32.03
622,Grade_C,Grade_A,Grade_C → Grade_A,Night,105.51,104.02,530.6,35.32,6.62,63.94,1.41,1,61.57
623,Grade_A,Grade_C,Grade_A → Grade_C,Day,103.96,104.8,450.19,35.63,2.82,44.33,0.81,1,33.8
624,Grade_C,Grade_A,Grade_C → Grade_A,Day,84.33,66.21,459.94,21.96,23.51,69.08,21.49,0,116.64
625,Grade_C,Grade_E,Grade_C → Grade_E,Day,92.76,95.28,368.79,41.01,20.78,125.3,2.72,0,146.09
626,Grade_A,Grade_C,Grade_A → Grade_C,Day,94.18,99.51,365.05,33.16,9.4,51.83,5.66,0,68.97
627,Grade_B,Grade_D,Grade_B → Grade_D,Evening,96.35,100.61,422.02,29.62,8.46,57.11,4.42,1,56.28
628,Grade_B,Grade_D,Grade_B → Grade_D,Night,86.24,87.74,429.52,34.12,11.01,82.09,1.74,0,77.09
629,Grade_C,Grade_E,Grade_C → Grade_E,Night,93.72,93.01,317.9,37.27,6.68,99.85,0.75,1,96.48
630,Grade_B,Grade_D,Grade_B → Grade_D,Day,92.71,90.05,410.08,25.41,11.94,74.69,2.87,0,81.29
631,Grade_D,Grade_B,Grade_D → Grade_B,Evening,107.72,105.73,420.77,38.99,18.73,97.52,1.84,0,118.63
632,Grade_B,Grade_D,Grade_B → Grade_D,Day,108.09,111.79,408.17,40.89,19.43,108.69,3.42,0,127.37
633,Grade_C,Grade_A,Grade_C → Grade_A,Day,98.54,97.86,375.26,19.09,2.41,17.3,0.69,1,24.61
634,Grade_C,Grade_A,Grade_C → Grade_A,Day,96.08,100.07,390.33,20.23,15.04,67.27,4.15,0,99.68
635,Grade_A,Grade_C,Grade_A → Grade_C,Night,101.4,104.96,410.27,27.6,4.77,60.57,3.52,1,53.32
636,Grade_D,Grade_B,Grade_D → Grade_B,Night,91.83,91.75,424.99,46.28,3.76,89.38,0.09,1,56.25
637,Grade_A,Grade_C,Grade_A → Grade_C,Evening,88.53,80.82,453.26,23.5,16.38,57.98,8.71,0,83.68
638,Grade_B,Grade_D,Grade_B → Grade_D,Evening,90.6,87.16,479.45,39.92,7.31,78.23,3.8,1,67.01
639,Grade_D,Grade_E,Grade_D → Grade_E,Evening,93.65,98.1,403.81,42.69,16.37,105.43,4.75,0,115.84
640,Grade_E,Grade_A,Grade_E → Grade_A,Evening,88.37,88.08,394.91,29.34,13.98,81.3,0.33,0,89.26
